source,dest,sku,month_code,qty,Unnamed: 5,Unnamed: 6,month
RDC_Qingdao,RDC_Jinan,羽绒服,Period_001,1300,,,1
RDC_Qingdao,RDC_Jinan,羽绒服,Period_011,3,,,11
RDC_Qingdao,RDC_Shanghai1,羽绒服,Period_009,5,,,9
RDC_Qingdao,RDC_Shanghai2,羽绒服,Period_008,10,,,8
RDC_Qingdao,RDC_Baoding,羽绒服,Period_011,1000,,,11
RDC_Qingdao,RDC_Zhengzhou,羽绒服,Period_010,1,,,10
RDC_Qingdao,RDC_Zhuzhou,羽绒服,Period_001,30,,备注：到达月份中Period_001：代表1月份，以此类推,1
RDC_Qingdao,RDC_Nanchang,羽绒服,Period_008,10,,,8
RDC_Qingdao,RDC_Maanshan,羽绒服,Period_011,900,,,11
RDC_Weifang,RDC_Qingdao,羽绒服,Period_011,400,,,11
RDC_Weifang,RDC_Chengdu,羽绒服,Period_012,3,,,12
RDC_Linyi,RDC_Qingdao,羽绒服,Period_012,1,,,12
RDC_Linyi,RDC_Jinan,羽绒服,Period_012,9,,,12
RDC_Linyi,RDC_Shangqiu,羽绒服,Period_001,360,,,1
RDC_Linyi,RDC_Xian1,羽绒服,Period_008,300,,,8
RDC_Linyi,RDC_Hefei2,羽绒服,Period_012,1520,,,12
RDC_Linyi,RDC_Meishan,羽绒服,Period_005,3,,,5
RDC_Jinan,RDC_Qingdao,羽绒服,Period_001,2380,,,1
RDC_Jinan,RDC_Weifang,羽绒服,Period_005,2725,,,5
RDC_Jinan,RDC_Nanjing,羽绒服,Period_010,1,,,10
RDC_Jinan,RDC_Huaian,羽绒服,Period_001,2,,,1
RDC_Jinan,RDC_Changchun,羽绒服,Period_011,600,,,11
RDC_Jinan,RDC_Maanshan,羽绒服,Period_010,1,,,10
RDC_Suzhou,RDC_Qingdao,羽绒服,Period_001,5,,,1
RDC_Suzhou,RDC_Qingdao,羽绒服,Period_010,115,,,10
RDC_Suzhou,RDC_Qingdao,羽绒服,Period_012,2,,,12
RDC_Suzhou,RDC_Weifang,羽绒服,Period_001,200,,,1
RDC_Suzhou,RDC_Weifang,羽绒服,Period_010,15,,,10
RDC_Suzhou,RDC_Linyi,羽绒服,Period_010,10,,,10
RDC_Suzhou,RDC_Jinan,羽绒服,Period_011,27,,,11
RDC_Suzhou,RDC_Wuxi,羽绒服,Period_012,5,,,12
RDC_Suzhou,RDC_Nanjing,羽绒服,Period_003,1733,,,3
RDC_Suzhou,RDC_Nantong,羽绒服,Period_011,1,,,11
RDC_Suzhou,RDC_Huaian,羽绒服,Period_001,1545,,,1
RDC_Suzhou,RDC_Huaian,羽绒服,Period_010,5,,,10
RDC_Suzhou,RDC_Huaian,羽绒服,Period_011,1,,,11
RDC_Suzhou,RDC_Huaian,羽绒服,Period_012,10,,,12
RDC_Suzhou,RDC_Lianyungang,羽绒服,Period_001,1,,,1
RDC_Suzhou,RDC_Ningbo,羽绒服,Period_001,4,,,1
RDC_Suzhou,RDC_Ningbo,羽绒服,Period_011,8,,,11
RDC_Suzhou,RDC_Ningbo,羽绒服,Period_012,5,,,12
RDC_Suzhou,RDC_Hangzhou,羽绒服,Period_001,5,,,1
RDC_Suzhou,RDC_Hangzhou,羽绒服,Period_010,1,,,10
RDC_Suzhou,RDC_Hangzhou,羽绒服,Period_011,1,,,11
RDC_Suzhou,RDC_Taizhou,羽绒服,Period_001,200,,,1
RDC_Suzhou,RDC_Shanghai1,羽绒服,Period_011,7,,,11
RDC_Suzhou,RDC_Shanghai2,羽绒服,Period_010,100,,,10
RDC_Suzhou,RDC_Beijing,羽绒服,Period_011,2,,,11
RDC_Suzhou,RDC_Tianjin,羽绒服,Period_012,3,,,12
RDC_Suzhou,RDC_Maanshan,羽绒服,Period_011,1,,,11
RDC_Suzhou,RDC_Hefei1,羽绒服,Period_010,1,,,10
RDC_Suzhou,RDC_Hefei2,羽绒服,Period_012,2,,,12
RDC_Suzhou,RDC_Yangzhou,羽绒服,Period_012,2,,,12
RDC_Wuxi,RDC_Qingdao,羽绒服,Period_010,40,,,10
RDC_Wuxi,RDC_Weifang,羽绒服,Period_010,145,,,10
RDC_Wuxi,RDC_Jinan,羽绒服,Period_010,270,,,10
RDC_Wuxi,RDC_Jinan,羽绒服,Period_011,110,,,11
RDC_Wuxi,RDC_Suzhou,羽绒服,Period_010,2,,,10
RDC_Wuxi,RDC_Huaian,羽绒服,Period_011,12,,,11
RDC_Wuxi,RDC_Huaian,羽绒服,Period_012,1,,,12
RDC_Wuxi,RDC_Hangzhou,羽绒服,Period_011,1200,,,11
RDC_Wuxi,RDC_Shanghai1,羽绒服,Period_010,1,,,10
RDC_Wuxi,RDC_Nanchang,羽绒服,Period_003,2,,,3
RDC_Wuxi,RDC_Maanshan,羽绒服,Period_011,2207,,,11
RDC_Wuxi,RDC_Lanzhou,羽绒服,Period_009,60,,,9
RDC_Nanjing,RDC_Qingdao,羽绒服,Period_001,100,,,1
RDC_Nanjing,RDC_Qingdao,羽绒服,Period_010,65,,,10
RDC_Nanjing,RDC_Qingdao,羽绒服,Period_012,2,,,12
RDC_Nanjing,RDC_Weifang,羽绒服,Period_001,280,,,1
RDC_Nanjing,RDC_Weifang,羽绒服,Period_010,30,,,10
RDC_Nanjing,RDC_Linyi,羽绒服,Period_010,10,,,10
RDC_Nanjing,RDC_Jinan,羽绒服,Period_005,45,,,5
RDC_Nanjing,RDC_Jinan,羽绒服,Period_010,175,,,10
RDC_Nanjing,RDC_Jinan,羽绒服,Period_011,9,,,11
RDC_Nanjing,RDC_Suzhou,羽绒服,Period_003,2300,,,3
RDC_Nanjing,RDC_Suzhou,羽绒服,Period_005,15,,,5
RDC_Nanjing,RDC_Wuxi,羽绒服,Period_001,120,,,1
RDC_Nanjing,RDC_Huaian,羽绒服,Period_001,100,,,1
RDC_Nanjing,RDC_Huaian,羽绒服,Period_012,231,,,12
RDC_Nanjing,RDC_Lianyungang,羽绒服,Period_011,1,,,11
RDC_Nanjing,RDC_Hangzhou,羽绒服,Period_001,130,,,1
RDC_Nanjing,RDC_Hangzhou,羽绒服,Period_006,1,,,6
RDC_Nanjing,RDC_Hangzhou,羽绒服,Period_010,2,,,10
RDC_Nanjing,RDC_Changchun,羽绒服,Period_008,5,,,8
RDC_Nanjing,RDC_Changchun,羽绒服,Period_011,700,,,11
RDC_Nantong,RDC_Qingdao,羽绒服,Period_010,100,,,10
RDC_Nantong,RDC_Qingdao,羽绒服,Period_012,21,,,12
RDC_Nantong,RDC_Weifang,羽绒服,Period_001,1587,,,1
RDC_Nantong,RDC_Jinan,羽绒服,Period_010,130,,,10
RDC_Nantong,RDC_Jinan,羽绒服,Period_011,124,,,11
RDC_Nantong,RDC_Jinan,羽绒服,Period_012,1,,,12
RDC_Nantong,RDC_Nanjing,羽绒服,Period_011,10,,,11
RDC_Nantong,RDC_Huaian,羽绒服,Period_002,2,,,2
RDC_Nantong,RDC_Huaian,羽绒服,Period_011,218,,,11
RDC_Nantong,RDC_Huaian,羽绒服,Period_012,21,,,12
RDC_Nantong,RDC_Shanghai1,羽绒服,Period_001,100,,,1
RDC_Nantong,RDC_Shanghai2,羽绒服,Period_001,80,,,1
RDC_Nantong,RDC_Liaoning,羽绒服,Period_011,2,,,11
RDC_Nantong,RDC_Taiyuan2,羽绒服,Period_012,120,,,12
RDC_Huaian,RDC_Weifang,羽绒服,Period_001,130,,,1
RDC_Huaian,RDC_Weifang,羽绒服,Period_003,120,,,3
RDC_Huaian,RDC_Weifang,羽绒服,Period_012,29,,,12
RDC_Huaian,RDC_Jinan,羽绒服,Period_010,220,,,10
RDC_Huaian,RDC_Suzhou,羽绒服,Period_012,1,,,12
RDC_Huaian,RDC_Wuxi,羽绒服,Period_001,22,,,1
RDC_Huaian,RDC_Nanjing,羽绒服,Period_011,11,,,11
RDC_Huaian,RDC_Nantong,羽绒服,Period_001,180,,,1
RDC_Huaian,RDC_Nantong,羽绒服,Period_011,29,,,11
RDC_Huaian,RDC_Beijing,羽绒服,Period_011,150,,,11
RDC_Huaian,RDC_Tianjin,羽绒服,Period_011,4,,,11
RDC_Huaian,RDC_Nanchang,羽绒服,Period_001,8,,,1
RDC_Huaian,RDC_Lanzhou,羽绒服,Period_012,7,,,12
RDC_Huaian,RDC_Kunming,羽绒服,Period_001,80,,,1
RDC_Huaian,RDC_Meishan,羽绒服,Period_011,1,,,11
RDC_Lianyungang,RDC_Nanjing,羽绒服,Period_007,22,,,7
RDC_Lianyungang,RDC_Nantong,羽绒服,Period_001,13,,,1
RDC_Lianyungang,RDC_Huaian,羽绒服,Period_001,18,,,1
RDC_Lianyungang,RDC_Taizhou,羽绒服,Period_008,31,,,8
RDC_Lianyungang,RDC_Shanghai1,羽绒服,Period_008,2,,,8
RDC_Lianyungang,RDC_Shanghai2,羽绒服,Period_008,33,,,8
RDC_Lianyungang,RDC_Shanghai2,羽绒服,Period_011,10,,,11
RDC_Lianyungang,RDC_Jinzhou,羽绒服,Period_007,55,,,7
RDC_Lianyungang,RDC_Shijiazhuang,羽绒服,Period_001,2,,,1
RDC_Lianyungang,RDC_Maanshan,羽绒服,Period_008,2,,,8
RDC_Lianyungang,RDC_Xian1,羽绒服,Period_010,2,,,10
RDC_Lianyungang,RDC_Lanzhou,羽绒服,Period_008,10,,,8
RDC_Ningbo,RDC_Weifang,羽绒服,Period_001,2788,,,1
RDC_Ningbo,RDC_Jinan,羽绒服,Period_011,21,,,11
RDC_Ningbo,RDC_Suzhou,羽绒服,Period_011,81,,,11
RDC_Ningbo,RDC_Suzhou,羽绒服,Period_012,400,,,12
RDC_Ningbo,RDC_Nantong,羽绒服,Period_005,4610,,,5
RDC_Ningbo,RDC_Taizhou,羽绒服,Period_001,100,,,1
RDC_Ningbo,RDC_Tianjin,羽绒服,Period_001,225,,,1
RDC_Ningbo,RDC_Shijiazhuang,羽绒服,Period_011,30,,,11
RDC_Ningbo,RDC_Chongqing,羽绒服,Period_001,2100,,,1
RDC_Ningbo,RDC_Hefei2,羽绒服,Period_001,273,,,1
RDC_Ningbo,RDC_Hefei2,羽绒服,Period_011,1,,,11
RDC_Ningbo,RDC_Taiyuan2,羽绒服,Period_001,110,,,1
RDC_Ningbo,RDC_Yangzhou,羽绒服,Period_012,5,,,12
RDC_Hangzhou,RDC_Qingdao,羽绒服,Period_010,60,,,10
RDC_Hangzhou,RDC_Weifang,羽绒服,Period_010,70,,,10
RDC_Hangzhou,RDC_Linyi,羽绒服,Period_010,40,,,10
RDC_Hangzhou,RDC_Jinan,羽绒服,Period_011,160,,,11
RDC_Hangzhou,RDC_Suzhou,羽绒服,Period_005,3986,,,5
RDC_Hangzhou,RDC_Wuxi,羽绒服,Period_005,7400,,,5
RDC_Hangzhou,RDC_Wuxi,羽绒服,Period_010,1,,,10
RDC_Hangzhou,RDC_Nantong,羽绒服,Period_011,49,,,11
RDC_Hangzhou,RDC_Lianyungang,羽绒服,Period_011,2,,,11
RDC_Hangzhou,RDC_Taizhou,羽绒服,Period_001,104,,,1
RDC_Hangzhou,RDC_Shanghai1,羽绒服,Period_001,100,,,1
RDC_Hangzhou,RDC_Dalian,羽绒服,Period_012,2,,,12
RDC_Hangzhou,RDC_Maanshan,羽绒服,Period_005,2570,,,5
RDC_Hangzhou,RDC_Maanshan,羽绒服,Period_011,2,,,11
RDC_Hangzhou,RDC_Hefei1,羽绒服,Period_011,5,,,11
RDC_Hangzhou,RDC_Hefei1,羽绒服,Period_012,13,,,12
RDC_Hangzhou,RDC_Chengdu,羽绒服,Period_012,3,,,12
RDC_Taizhou,RDC_Hangzhou,羽绒服,Period_001,1,,,1
RDC_Taizhou,RDC_Shanghai1,羽绒服,Period_010,7,,,10
RDC_Taizhou,RDC_Shanghai1,羽绒服,Period_011,157,,,11
RDC_Taizhou,RDC_Shanghai2,羽绒服,Period_010,65,,,10
RDC_Taizhou,RDC_Shijiazhuang,羽绒服,Period_010,55,,,10
RDC_Shanghai1,RDC_Qingdao,羽绒服,Period_010,105,,,10
RDC_Shanghai1,RDC_Weifang,羽绒服,Period_010,130,,,10
RDC_Shanghai1,RDC_Linyi,羽绒服,Period_010,50,,,10
RDC_Shanghai1,RDC_Jinan,羽绒服,Period_010,315,,,10
RDC_Shanghai1,RDC_Ningbo,羽绒服,Period_010,16,,,10
RDC_Shanghai1,RDC_Hangzhou,羽绒服,Period_010,3,,,10
RDC_Shanghai1,RDC_Beijing,羽绒服,Period_010,11,,,10
RDC_Shanghai1,RDC_Handan,羽绒服,Period_010,28,,,10
RDC_Shanghai1,RDC_Wulumuqi,羽绒服,Period_010,21,,,10
RDC_Shanghai2,RDC_Qingdao,羽绒服,Period_008,10,,,8
RDC_Shanghai2,RDC_Suzhou,羽绒服,Period_010,4,,,10
RDC_Shanghai2,RDC_Nanjing,羽绒服,Period_005,1080,,,5
RDC_Shanghai2,RDC_Taizhou,羽绒服,Period_001,150,,,1
RDC_Shanghai2,RDC_Shanghai1,羽绒服,Period_009,95,,,9
RDC_Shanghai2,RDC_Handan,羽绒服,Period_001,263,,,1
RDC_Shanghai2,RDC_Kunming,羽绒服,Period_001,231,,,1
RDC_Shanghai2,RDC_Hefei2,羽绒服,Period_005,5457,,,5
RDC_Haerbin,RDC_Jinan,羽绒服,Period_005,43,,,5
RDC_Haerbin,RDC_Jinan,羽绒服,Period_007,7,,,7
RDC_Haerbin,RDC_Liaoning,羽绒服,Period_007,8,,,7
RDC_Haerbin,RDC_Liaoning,羽绒服,Period_011,40,,,11
RDC_Haerbin,RDC_Dalian,羽绒服,Period_011,9,,,11
RDC_Changchun,RDC_Liaoning,羽绒服,Period_011,2,,,11
RDC_Changchun,RDC_Dalian,羽绒服,Period_011,1,,,11
RDC_Changchun,RDC_Zhengzhou,羽绒服,Period_012,30,,,12
RDC_Changchun,RDC_Puyang,羽绒服,Period_007,12,,,7
RDC_Liaoning,RDC_Changchun,羽绒服,Period_012,5,,,12
RDC_Liaoning,RDC_Dalian,羽绒服,Period_007,178,,,7
RDC_Liaoning,RDC_Dalian,羽绒服,Period_011,1,,,11
RDC_Liaoning,RDC_Handan,羽绒服,Period_012,2,,,12
RDC_Liaoning,RDC_Xian1,羽绒服,Period_010,21,,,10
RDC_Jinzhou,RDC_Liaoning,羽绒服,Period_012,2,,,12
RDC_Jinzhou,RDC_Dalian,羽绒服,Period_005,2404,,,5
RDC_Jinzhou,RDC_Dalian,羽绒服,Period_006,3119,,,6
RDC_Jinzhou,RDC_Shijiazhuang,羽绒服,Period_011,2,,,11
RDC_Jinzhou,RDC_Taiyuan2,羽绒服,Period_011,9,,,11
RDC_Dalian,RDC_Changchun,羽绒服,Period_011,1,,,11
RDC_Dalian,RDC_Liaoning,羽绒服,Period_006,15699,,,6
RDC_Dalian,RDC_Liaoning,羽绒服,Period_010,1,,,10
RDC_Dalian,RDC_Jinzhou,羽绒服,Period_006,6896,,,6
RDC_Beijing,RDC_Qingdao,羽绒服,Period_005,17790,,,5
RDC_Beijing,RDC_Jinan,羽绒服,Period_005,3,,,5
RDC_Beijing,RDC_Wuxi,羽绒服,Period_009,3,,,9
RDC_Beijing,RDC_Ningbo,羽绒服,Period_005,10,,,5
RDC_Beijing,RDC_Hangzhou,羽绒服,Period_001,20,,,1
RDC_Beijing,RDC_Hangzhou,羽绒服,Period_010,4,,,10
RDC_Beijing,RDC_Haerbin,羽绒服,Period_011,1,,,11
RDC_Beijing,RDC_Tianjin,羽绒服,Period_001,41,,,1
RDC_Beijing,RDC_Zhuzhou,羽绒服,Period_009,2,,,9
RDC_Beijing,RDC_Lanzhou,羽绒服,Period_009,300,,,9
RDC_Beijing,RDC_Neijiang,羽绒服,Period_012,500,,,12
RDC_Beijing,RDC_Chongqing,羽绒服,Period_005,3,,,5
RDC_Tianjin,RDC_Weifang,羽绒服,Period_012,200,,,12
RDC_Tianjin,RDC_Linyi,羽绒服,Period_005,2733,,,5
RDC_Tianjin,RDC_Jinan,羽绒服,Period_012,100,,,12
RDC_Tianjin,RDC_Suzhou,羽绒服,Period_010,80,,,10
RDC_Tianjin,RDC_Ningbo,羽绒服,Period_001,200,,,1
RDC_Tianjin,RDC_Liaoning,羽绒服,Period_011,2,,,11
RDC_Tianjin,RDC_Dalian,羽绒服,Period_011,70,,,11
RDC_Tianjin,RDC_Dalian,羽绒服,Period_012,50,,,12
RDC_Tianjin,RDC_Beijing,羽绒服,Period_011,3,,,11
RDC_Tianjin,RDC_Shijiazhuang,羽绒服,Period_011,1,,,11
RDC_Tianjin,RDC_Handan,羽绒服,Period_001,80,,,1
RDC_Tianjin,RDC_Handan,羽绒服,Period_012,240,,,12
RDC_Tianjin,RDC_Taiyuan1,羽绒服,Period_010,3,,,10
RDC_Tianjin,RDC_Huhehaote,羽绒服,Period_011,6,,,11
RDC_Tianjin,RDC_Taiyuan2,羽绒服,Period_001,110,,,1
RDC_Tianjin,RDC_Taiyuan2,羽绒服,Period_012,140,,,12
RDC_Shijiazhuang,RDC_Weifang,羽绒服,Period_001,119,,,1
RDC_Shijiazhuang,RDC_Weifang,羽绒服,Period_012,200,,,12
RDC_Shijiazhuang,RDC_Jinan,羽绒服,Period_001,320,,,1
RDC_Shijiazhuang,RDC_Jinan,羽绒服,Period_012,300,,,12
RDC_Shijiazhuang,RDC_Suzhou,羽绒服,Period_002,20,,,2
RDC_Shijiazhuang,RDC_Suzhou,羽绒服,Period_003,8,,,3
RDC_Shijiazhuang,RDC_Lianyungang,羽绒服,Period_001,40,,,1
RDC_Shijiazhuang,RDC_Shanghai1,羽绒服,Period_001,220,,,1
RDC_Shijiazhuang,RDC_Liaoning,羽绒服,Period_012,264,,,12
RDC_Shijiazhuang,RDC_Beijing,羽绒服,Period_001,10,,,1
RDC_Shijiazhuang,RDC_Beijing,羽绒服,Period_011,3,,,11
RDC_Shijiazhuang,RDC_Beijing,羽绒服,Period_012,100,,,12
RDC_Shijiazhuang,RDC_Tianjin,羽绒服,Period_010,40,,,10
RDC_Shijiazhuang,RDC_Tianjin,羽绒服,Period_011,20,,,11
RDC_Shijiazhuang,RDC_Tianjin,羽绒服,Period_012,1,,,12
RDC_Shijiazhuang,RDC_Baoding,羽绒服,Period_012,1,,,12
RDC_Shijiazhuang,RDC_Tangshan,羽绒服,Period_012,1,,,12
RDC_Shijiazhuang,RDC_Handan,羽绒服,Period_001,102,,,1
RDC_Shijiazhuang,RDC_Handan,羽绒服,Period_010,10,,,10
RDC_Shijiazhuang,RDC_Handan,羽绒服,Period_012,1,,,12
RDC_Shijiazhuang,RDC_Shangqiu,羽绒服,Period_001,150,,,1
RDC_Shijiazhuang,RDC_Taiyuan1,羽绒服,Period_001,100,,,1
RDC_Shijiazhuang,RDC_Taiyuan1,羽绒服,Period_012,292,,,12
RDC_Shijiazhuang,RDC_Chengdu,羽绒服,Period_001,410,,,1
RDC_Shijiazhuang,RDC_Mianyang,羽绒服,Period_001,250,,,1
RDC_Shijiazhuang,RDC_Puyang,羽绒服,Period_011,1,,,11
RDC_Shijiazhuang,RDC_Hefei2,羽绒服,Period_001,1,,,1
RDC_Baoding,RDC_Weifang,羽绒服,Period_012,47,,,12
RDC_Baoding,RDC_Linyi,羽绒服,Period_005,2094,,,5
RDC_Baoding,RDC_Taizhou,羽绒服,Period_001,220,,,1
RDC_Baoding,RDC_Shanghai1,羽绒服,Period_001,620,,,1
RDC_Baoding,RDC_Haerbin,羽绒服,Period_001,960,,,1
RDC_Baoding,RDC_Dalian,羽绒服,Period_001,150,,,1
RDC_Baoding,RDC_Dalian,羽绒服,Period_012,32,,,12
RDC_Baoding,RDC_Beijing,羽绒服,Period_012,50,,,12
RDC_Baoding,RDC_Shijiazhuang,羽绒服,Period_001,60,,,1
RDC_Baoding,RDC_Shijiazhuang,羽绒服,Period_012,4,,,12
RDC_Baoding,RDC_Handan,羽绒服,Period_001,82,,,1
RDC_Baoding,RDC_Handan,羽绒服,Period_012,2,,,12
RDC_Baoding,RDC_Xian1,羽绒服,Period_011,20,,,11
RDC_Baoding,RDC_Taiyuan2,羽绒服,Period_001,225,,,1
RDC_Baoding,RDC_Taiyuan2,羽绒服,Period_012,620,,,12
RDC_Tangshan,RDC_Qingdao,羽绒服,Period_011,1,,,11
RDC_Tangshan,RDC_Jinan,羽绒服,Period_010,180,,,10
RDC_Tangshan,RDC_Suzhou,羽绒服,Period_012,1,,,12
RDC_Tangshan,RDC_Beijing,羽绒服,Period_006,2658,,,6
RDC_Tangshan,RDC_Tianjin,羽绒服,Period_011,2,,,11
RDC_Tangshan,RDC_Tianjin,羽绒服,Period_012,5,,,12
RDC_Tangshan,RDC_Shijiazhuang,羽绒服,Period_010,2,,,10
RDC_Tangshan,RDC_Shijiazhuang,羽绒服,Period_012,1660,,,12
RDC_Tangshan,RDC_Zhengzhou,羽绒服,Period_011,4,,,11
RDC_Tangshan,RDC_Taiyuan1,羽绒服,Period_010,480,,,10
RDC_Tangshan,RDC_Taiyuan2,羽绒服,Period_001,90,,,1
RDC_Tangshan,RDC_Taiyuan2,羽绒服,Period_012,370,,,12
RDC_Handan,RDC_Tianjin,羽绒服,Period_003,100,,,3
RDC_Handan,RDC_Shijiazhuang,羽绒服,Period_012,1,,,12
RDC_Handan,RDC_Baoding,羽绒服,Period_009,1,,,9
RDC_Zhengzhou,RDC_Shangqiu,羽绒服,Period_011,500,,,11
RDC_Zhengzhou,RDC_Shangqiu,羽绒服,Period_012,150,,,12
RDC_Zhengzhou,RDC_Changsha,羽绒服,Period_001,150,,,1
RDC_Shangqiu,RDC_Jinan,羽绒服,Period_012,200,,,12
RDC_Shangqiu,RDC_Tianjin,羽绒服,Period_011,1000,,,11
RDC_Shangqiu,RDC_Zhengzhou,羽绒服,Period_001,500,,,1
RDC_Shangqiu,RDC_Zhengzhou,羽绒服,Period_007,650,,,7
RDC_Shangqiu,RDC_Zhengzhou,羽绒服,Period_011,500,,,11
RDC_Shangqiu,RDC_Zhengzhou,羽绒服,Period_012,411,,,12
RDC_Shangqiu,RDC_Xiangfan,羽绒服,Period_011,10,,,11
RDC_Shangqiu,RDC_Puyang,羽绒服,Period_001,1,,,1
RDC_Changsha,RDC_Puyang,羽绒服,Period_011,760,,,11
RDC_Changsha,RDC_Nanyang,羽绒服,Period_011,130,,,11
RDC_Zhuzhou,RDC_Zhengzhou,羽绒服,Period_010,360,,,10
RDC_Zhuzhou,RDC_Nanchang,羽绒服,Period_011,1,,,11
RDC_Zhuzhou,RDC_Yangzhou,羽绒服,Period_002,1,,,2
RDC_Wuhan,RDC_Wuxi,羽绒服,Period_007,277,,,7
RDC_Wuhan,RDC_Ningbo,羽绒服,Period_001,50,,,1
RDC_Wuhan,RDC_Ningbo,羽绒服,Period_008,400,,,8
RDC_Wuhan,RDC_Hangzhou,羽绒服,Period_011,50,,,11
RDC_Wuhan,RDC_Shanghai1,羽绒服,Period_001,60,,,1
RDC_Wuhan,RDC_Shangqiu,羽绒服,Period_011,160,,,11
RDC_Wuhan,RDC_Changsha,羽绒服,Period_012,40,,,12
RDC_Wuhan,RDC_Zhuzhou,羽绒服,Period_010,55,,,10
RDC_Wuhan,RDC_Zhuzhou,羽绒服,Period_011,111,,,11
RDC_Wuhan,RDC_Xiangfan,羽绒服,Period_011,20,,,11
RDC_Wuhan,RDC_Nanchang,羽绒服,Period_009,1,,,9
RDC_Wuhan,RDC_Nanchang,羽绒服,Period_011,1,,,11
RDC_Wuhan,RDC_Hefei1,羽绒服,Period_012,10,,,12
RDC_Wuhan,RDC_Wulumuqi,羽绒服,Period_009,60,,,9
RDC_Wuhan,RDC_Chongqing,羽绒服,Period_001,200,,,1
RDC_Wuhan,RDC_Chongqing,羽绒服,Period_012,2,,,12
RDC_Wuhan,RDC_Jingmen,羽绒服,Period_011,220,,,11
RDC_Wuhan,RDC_Hefei2,羽绒服,Period_005,1203,,,5
RDC_Wuhan,RDC_Taiyuan2,羽绒服,Period_012,200,,,12
RDC_Wuhan,RDC_Yangzhou,羽绒服,Period_008,7,,,8
RDC_Xiangfan,RDC_Jinan,羽绒服,Period_010,4,,,10
RDC_Xiangfan,RDC_Zhengzhou,羽绒服,Period_012,10,,,12
RDC_Xiangfan,RDC_Shangqiu,羽绒服,Period_011,35,,,11
RDC_Xiangfan,RDC_Liuzhou,羽绒服,Period_011,30,,,11
RDC_Xiangfan,RDC_Chengdu,羽绒服,Period_010,40,,,10
RDC_Xiangfan,RDC_Neijiang,羽绒服,Period_001,50,,,1
RDC_Xiangfan,RDC_Kunming,羽绒服,Period_010,2,,,10
RDC_Xiangfan,RDC_Hefei2,羽绒服,Period_005,3350,,,5
RDC_Xiangfan,RDC_Xian2,羽绒服,Period_011,40,,,11
RDC_Nanchang,RDC_Weifang,羽绒服,Period_001,99,,,1
RDC_Nanchang,RDC_Weifang,羽绒服,Period_005,1037,,,5
RDC_Nanchang,RDC_Wuxi,羽绒服,Period_003,2,,,3
RDC_Nanchang,RDC_Zhengzhou,羽绒服,Period_001,75,,,1
RDC_Nanchang,RDC_Nanyang,羽绒服,Period_001,100,,,1
RDC_Nanchang,RDC_Nanyang,羽绒服,Period_011,30,,,11
RDC_Nanchang,RDC_Taiyuan2,羽绒服,Period_001,4464,,,1
RDC_Nanchang,RDC_Taiyuan2,羽绒服,Period_012,614,,,12
RDC_Liuzhou,RDC_Chengdu,羽绒服,Period_001,20,,,1
RDC_Maanshan,RDC_Qingdao,羽绒服,Period_011,1,,,11
RDC_Maanshan,RDC_Qingdao,羽绒服,Period_012,1,,,12
RDC_Maanshan,RDC_Weifang,羽绒服,Period_011,64,,,11
RDC_Maanshan,RDC_Jinan,羽绒服,Period_011,1,,,11
RDC_Maanshan,RDC_Suzhou,羽绒服,Period_012,132,,,12
RDC_Maanshan,RDC_Wuxi,羽绒服,Period_011,1,,,11
RDC_Maanshan,RDC_Wuxi,羽绒服,Period_012,41,,,12
RDC_Maanshan,RDC_Nanjing,羽绒服,Period_011,1,,,11
RDC_Maanshan,RDC_Nantong,羽绒服,Period_012,1,,,12
RDC_Maanshan,RDC_Lianyungang,羽绒服,Period_011,2,,,11
RDC_Maanshan,RDC_Shanghai2,羽绒服,Period_011,1,,,11
RDC_Maanshan,RDC_Beijing,羽绒服,Period_012,1,,,12
RDC_Maanshan,RDC_Hefei1,羽绒服,Period_011,1,,,11
RDC_Maanshan,RDC_Hefei2,羽绒服,Period_001,1,,,1
RDC_Maanshan,RDC_Hefei2,羽绒服,Period_011,6,,,11
RDC_Hefei1,RDC_Weifang,羽绒服,Period_011,3,,,11
RDC_Hefei1,RDC_Lianyungang,羽绒服,Period_012,2,,,12
RDC_Hefei1,RDC_Hangzhou,羽绒服,Period_011,4,,,11
RDC_Hefei1,RDC_Hangzhou,羽绒服,Period_012,9,,,12
RDC_Hefei1,RDC_Zhengzhou,羽绒服,Period_001,2,,,1
RDC_Hefei1,RDC_Hefei2,羽绒服,Period_011,2,,,11
RDC_Taiyuan1,RDC_Qingdao,羽绒服,Period_001,3,,,1
RDC_Taiyuan1,RDC_Qingdao,羽绒服,Period_010,3,,,10
RDC_Taiyuan1,RDC_Qingdao,羽绒服,Period_011,19,,,11
RDC_Taiyuan1,RDC_Hangzhou,羽绒服,Period_010,1,,,10
RDC_Taiyuan1,RDC_Haerbin,羽绒服,Period_009,5,,,9
RDC_Taiyuan1,RDC_Tianjin,羽绒服,Period_009,45,,,9
RDC_Taiyuan1,RDC_Shijiazhuang,羽绒服,Period_012,500,,,12
RDC_Taiyuan1,RDC_Tangshan,羽绒服,Period_010,54,,,10
RDC_Taiyuan1,RDC_Taiyuan2,羽绒服,Period_012,490,,,12
RDC_Xian1,RDC_Linyi,羽绒服,Period_005,3797,,,5
RDC_Xian1,RDC_Nanjing,羽绒服,Period_011,20,,,11
RDC_Xian1,RDC_Lianyungang,羽绒服,Period_012,600,,,12
RDC_Xian1,RDC_Changchun,羽绒服,Period_011,1500,,,11
RDC_Xian1,RDC_Liaoning,羽绒服,Period_012,8,,,12
RDC_Xian1,RDC_Beijing,羽绒服,Period_011,28,,,11
RDC_Xian1,RDC_Shijiazhuang,羽绒服,Period_011,57,,,11
RDC_Xian1,RDC_Shangqiu,羽绒服,Period_011,122,,,11
RDC_Xian1,RDC_Shangqiu,羽绒服,Period_012,600,,,12
RDC_Xian1,RDC_Nanchang,羽绒服,Period_001,2,,,1
RDC_Xian1,RDC_Nanchang,羽绒服,Period_011,280,,,11
RDC_Xian1,RDC_Lanzhou,羽绒服,Period_012,27,,,12
RDC_Xian1,RDC_Puyang,羽绒服,Period_011,40,,,11
RDC_Xian1,RDC_Huhehaote,羽绒服,Period_012,40,,,12
RDC_Xian1,RDC_Taiyuan2,羽绒服,Period_001,170,,,1
RDC_Xian1,RDC_Xian2,羽绒服,Period_011,10,,,11
RDC_Wulumuqi,RDC_Linyi,羽绒服,Period_005,3778,,,5
RDC_Wulumuqi,RDC_Suzhou,羽绒服,Period_005,11538,,,5
RDC_Wulumuqi,RDC_Lanzhou,羽绒服,Period_001,160,,,1
RDC_Wulumuqi,RDC_Lanzhou,羽绒服,Period_002,3100,,,2
RDC_Wulumuqi,RDC_Lanzhou,羽绒服,Period_006,2200,,,6
RDC_Wulumuqi,RDC_Lanzhou,羽绒服,Period_011,72,,,11
RDC_Wulumuqi,RDC_Lanzhou,羽绒服,Period_012,3230,,,12
RDC_Wulumuqi,RDC_Taiyuan2,羽绒服,Period_001,70,,,1
RDC_Wulumuqi,RDC_Taiyuan2,羽绒服,Period_012,1334,,,12
RDC_Lanzhou,RDC_Weifang,羽绒服,Period_010,120,,,10
RDC_Lanzhou,RDC_Wulumuqi,羽绒服,Period_001,3790,,,1
RDC_Lanzhou,RDC_Wulumuqi,羽绒服,Period_006,4470,,,6
RDC_Lanzhou,RDC_Wulumuqi,羽绒服,Period_007,5725,,,7
RDC_Lanzhou,RDC_Wulumuqi,羽绒服,Period_009,199,,,9
RDC_Lanzhou,RDC_Wulumuqi,羽绒服,Period_010,1856,,,10
RDC_Lanzhou,RDC_Wuxi,羽绒服,Period_009,60,,,9
RDC_Lanzhou,RDC_Shijiazhuang,羽绒服,Period_001,200,,,1
RDC_Lanzhou,RDC_Handan,羽绒服,Period_001,240,,,1
RDC_Lanzhou,RDC_Xian1,羽绒服,Period_008,80,,,8
RDC_Lanzhou,RDC_Taiyuan2,羽绒服,Period_012,260,,,12
RDC_Chengdu,RDC_Linyi,羽绒服,Period_006,3781,,,6
RDC_Chengdu,RDC_Lianyungang,羽绒服,Period_001,1,,,1
RDC_Chengdu,RDC_Hangzhou,羽绒服,Period_011,33,,,11
RDC_Chengdu,RDC_Beijing,羽绒服,Period_010,430,,,10
RDC_Chengdu,RDC_Beijing,羽绒服,Period_011,35,,,11
RDC_Chengdu,RDC_Shijiazhuang,羽绒服,Period_010,400,,,10
RDC_Chengdu,RDC_Baoding,羽绒服,Period_001,1,,,1
RDC_Chengdu,RDC_Baoding,羽绒服,Period_011,300,,,11
RDC_Chengdu,RDC_Zhengzhou,羽绒服,Period_010,50,,,10
RDC_Chengdu,RDC_Zhengzhou,羽绒服,Period_011,10,,,11
RDC_Chengdu,RDC_Zhengzhou,羽绒服,Period_012,8,,,12
RDC_Chengdu,RDC_Shangqiu,羽绒服,Period_005,330,,,5
RDC_Chengdu,RDC_Zhuzhou,羽绒服,Period_005,480,,,5
RDC_Chengdu,RDC_Maanshan,羽绒服,Period_011,9,,,11
RDC_Chengdu,RDC_Kunming,羽绒服,Period_001,30,,,1
RDC_Chengdu,RDC_Puyang,羽绒服,Period_001,2,,,1
RDC_Mianyang,RDC_Linyi,羽绒服,Period_005,3351,,,5
RDC_Mianyang,RDC_Tianjin,羽绒服,Period_010,887,,,10
RDC_Mianyang,RDC_Handan,羽绒服,Period_009,698,,,9
RDC_Mianyang,RDC_Lanzhou,羽绒服,Period_011,220,,,11
RDC_Mianyang,RDC_Chengdu,羽绒服,Period_011,2,,,11
RDC_Mianyang,RDC_Taiyuan2,羽绒服,Period_009,163,,,9
RDC_Neijiang,RDC_Chongqing,羽绒服,Period_011,1,,,11
RDC_Neijiang,RDC_Guiyang,羽绒服,Period_011,4,,,11
RDC_Neijiang,RDC_Kunming,羽绒服,Period_011,1,,,11
RDC_Neijiang,RDC_Meishan,羽绒服,Period_011,10,,,11
RDC_Chongqing,RDC_Shangqiu,羽绒服,Period_001,2,,,1
RDC_Chongqing,RDC_Xian1,羽绒服,Period_012,3,,,12
RDC_Chongqing,RDC_Wulumuqi,羽绒服,Period_001,1,,,1
RDC_Chongqing,RDC_Nanyang,羽绒服,Period_001,100,,,1
RDC_Guiyang,RDC_Nanchang,羽绒服,Period_006,3,,,6
RDC_Guiyang,RDC_Nanchang,羽绒服,Period_010,1,,,10
RDC_Guiyang,RDC_Chengdu,羽绒服,Period_006,2,,,6
RDC_Guiyang,RDC_Neijiang,羽绒服,Period_006,1,,,6
RDC_Guiyang,RDC_Neijiang,羽绒服,Period_011,140,,,11
RDC_Kunming,RDC_Zhengzhou,羽绒服,Period_010,280,,,10
RDC_Kunming,RDC_Shangqiu,羽绒服,Period_010,41,,,10
RDC_Kunming,RDC_Shangqiu,羽绒服,Period_011,86,,,11
RDC_Kunming,RDC_Xiangfan,羽绒服,Period_010,9,,,10
RDC_Kunming,RDC_Neijiang,羽绒服,Period_010,12,,,10
RDC_Kunming,RDC_Chongqing,羽绒服,Period_001,1,,,1
RDC_Kunming,RDC_Puyang,羽绒服,Period_011,86,,,11
RDC_Jingmen,RDC_Chengdu,羽绒服,Period_012,15,,,12
RDC_Puyang,RDC_Jinan,羽绒服,Period_007,355,,,7
RDC_Puyang,RDC_Jinan,羽绒服,Period_008,15,,,8
RDC_Puyang,RDC_Hangzhou,羽绒服,Period_010,1,,,10
RDC_Puyang,RDC_Taizhou,羽绒服,Period_002,8,,,2
RDC_Puyang,RDC_Changchun,羽绒服,Period_009,4,,,9
RDC_Puyang,RDC_Dalian,羽绒服,Period_011,3,,,11
RDC_Puyang,RDC_Zhengzhou,羽绒服,Period_012,5,,,12
RDC_Puyang,RDC_Shangqiu,羽绒服,Period_001,95,,,1
RDC_Puyang,RDC_Shangqiu,羽绒服,Period_007,52,,,7
RDC_Puyang,RDC_Changsha,羽绒服,Period_009,6,,,9
RDC_Puyang,RDC_Nanchang,羽绒服,Period_009,5,,,9
RDC_Puyang,RDC_Chengdu,羽绒服,Period_010,2,,,10
RDC_Puyang,RDC_Kunming,羽绒服,Period_011,10,,,11
RDC_Hefei2,RDC_Qingdao,羽绒服,Period_010,70,,,10
RDC_Hefei2,RDC_Weifang,羽绒服,Period_001,232,,,1
RDC_Hefei2,RDC_Weifang,羽绒服,Period_010,15,,,10
RDC_Hefei2,RDC_Linyi,羽绒服,Period_010,10,,,10
RDC_Hefei2,RDC_Jinan,羽绒服,Period_010,365,,,10
RDC_Hefei2,RDC_Jinan,羽绒服,Period_012,15,,,12
RDC_Hefei2,RDC_Wuxi,羽绒服,Period_011,2,,,11
RDC_Hefei2,RDC_Nanjing,羽绒服,Period_012,7,,,12
RDC_Hefei2,RDC_Nantong,羽绒服,Period_011,48,,,11
RDC_Hefei2,RDC_Ningbo,羽绒服,Period_001,250,,,1
RDC_Hefei2,RDC_Shanghai1,羽绒服,Period_012,2,,,12
RDC_Hefei2,RDC_Shanghai2,羽绒服,Period_005,1,,,5
RDC_Hefei2,RDC_Maanshan,羽绒服,Period_001,1,,,1
RDC_Hefei2,RDC_Maanshan,羽绒服,Period_012,26,,,12
RDC_Hefei2,RDC_Hefei1,羽绒服,Period_011,1,,,11
RDC_Hefei2,RDC_Chongqing,羽绒服,Period_001,298,,,1
RDC_Hefei2,RDC_Ningde,羽绒服,Period_012,1,,,12
RDC_Huhehaote,RDC_Qingdao,羽绒服,Period_012,1,,,12
RDC_Huhehaote,RDC_Maanshan,羽绒服,Period_010,581,,,10
RDC_Huhehaote,RDC_Xian1,羽绒服,Period_009,340,,,9
RDC_Huhehaote,RDC_Xian1,羽绒服,Period_011,3,,,11
RDC_Huhehaote,RDC_Lanzhou,羽绒服,Period_010,3,,,10
RDC_Huhehaote,RDC_Neijiang,羽绒服,Period_012,500,,,12
RDC_Huhehaote,RDC_Yangzhou,羽绒服,Period_008,407,,,8
RDC_Nanyang,RDC_Changchun,羽绒服,Period_011,50,,,11
RDC_Nanyang,RDC_Zhengzhou,羽绒服,Period_011,29,,,11
RDC_Nanyang,RDC_Mianyang,羽绒服,Period_011,2,,,11
RDC_Nanyang,RDC_Hefei2,羽绒服,Period_011,6,,,11
RDC_Meishan,RDC_Linyi,羽绒服,Period_005,236,,,5
RDC_Meishan,RDC_Shangqiu,羽绒服,Period_001,50,,,1
RDC_Meishan,RDC_Zhuzhou,羽绒服,Period_009,80,,,9
RDC_Meishan,RDC_Chengdu,羽绒服,Period_007,140,,,7
RDC_Meishan,RDC_Chengdu,羽绒服,Period_011,80,,,11
RDC_Meishan,RDC_Chengdu,羽绒服,Period_012,320,,,12
RDC_Meishan,RDC_Neijiang,羽绒服,Period_011,9,,,11
RDC_Meishan,RDC_Neijiang,羽绒服,Period_012,10,,,12
RDC_Meishan,RDC_Nanyang,羽绒服,Period_001,90,,,1
RDC_Meishan,RDC_Taiyuan2,羽绒服,Period_009,132,,,9
RDC_Taiyuan2,RDC_Shanghai1,羽绒服,Period_010,21,,,10
RDC_Taiyuan2,RDC_Taiyuan1,羽绒服,Period_001,5,,,1
RDC_Taiyuan2,RDC_Taiyuan1,羽绒服,Period_011,160,,,11
RDC_Taiyuan2,RDC_Mianyang,羽绒服,Period_010,1,,,10
RDC_Xian2,RDC_Jinan,羽绒服,Period_011,45,,,11
RDC_Xian2,RDC_Nanjing,羽绒服,Period_011,90,,,11
RDC_Xian2,RDC_Tianjin,羽绒服,Period_011,100,,,11
RDC_Xian2,RDC_Xian1,羽绒服,Period_001,4,,,1
RDC_Xian2,RDC_Xian1,羽绒服,Period_011,28,,,11
RDC_Xian2,RDC_Wulumuqi,羽绒服,Period_008,400,,,8
RDC_Xian2,RDC_Wulumuqi,羽绒服,Period_011,80,,,11
RDC_Yangzhou,RDC_Qingdao,羽绒服,Period_010,89,,,10
RDC_Yangzhou,RDC_Weifang,羽绒服,Period_002,470,,,2
RDC_Yangzhou,RDC_Weifang,羽绒服,Period_011,831,,,11
RDC_Yangzhou,RDC_Jinan,羽绒服,Period_011,140,,,11
RDC_Yangzhou,RDC_Suzhou,羽绒服,Period_012,7,,,12
RDC_Yangzhou,RDC_Huaian,羽绒服,Period_001,40,,,1
RDC_Yangzhou,RDC_Hangzhou,羽绒服,Period_011,4,,,11
RDC_Yangzhou,RDC_Taizhou,羽绒服,Period_001,150,,,1
RDC_Yangzhou,RDC_Changchun,羽绒服,Period_012,400,,,12
RDC_Yangzhou,RDC_Tianjin,羽绒服,Period_009,30,,,9
RDC_Yangzhou,RDC_Lanzhou,羽绒服,Period_012,5,,,12
RDC_Yangzhou,RDC_Chengdu,羽绒服,Period_011,900,,,11
